{"cameraMode":{"drawMode":0,"name":"Shaded","section":"Shading Mode"},"sceneLighting":true,"audioPlay":false,"sceneViewState":{"m_AlwaysRefresh":false,"showFog":true,"showSkybox":true,"showFlares":true,"showImageEffects":true,"showParticleSystems":true,"showVisualEffectGraphs":true,"m_FxEnabled":true},"in2DMode":false,"pivot":{"x":0.0038126111030578615,"y":1.2571289539337159,"z":0.08050310611724854},"rotation":{"x":-0.026883583515882493,"y":-0.10154423862695694,"z":0.0025315657258033754,"w":-0.9946242570877075},"size":4.22519063949585,"orthographic":false}