{"cameraMode":{"drawMode":0,"name":"Shaded","section":"Shading Mode"},"sceneLighting":false,"audioPlay":false,"sceneViewState":{"m_AlwaysRefresh":false,"showFog":true,"showSkybox":false,"showFlares":true,"showImageEffects":true,"showParticleSystems":true,"showVisualEffectGraphs":true,"m_FxEnabled":true},"in2DMode":false,"pivot":{"x":0.033090680837631229,"y":-0.007818102836608887,"z":0.004364430904388428},"rotation":{"x":-0.34320563077926638,"y":0.10200226306915283,"z":-0.03779249265789986,"w":-0.9330471158027649},"size":1.270153284072876,"orthographic":false}